"Longitude (x)","Latitude (y)","Station Name","Climate ID","Date/Time","Year","Month","Day","Data Quality","Max Temp (°C)","Max Temp Flag","Min Temp (°C)","Min Temp Flag","Mean Temp (°C)","Mean Temp Flag","Heat Deg Days (°C)","Heat Deg Days Flag","Cool Deg Days (°C)","Cool Deg Days Flag","Total Rain (mm)","Total Rain Flag","Total Snow (cm)","Total Snow Flag","Total Precip (mm)","Total Precip Flag","Snow on Grnd (cm)","Snow on Grnd Flag","Dir of Max Gust (10s deg)","Dir of Max Gust Flag","Spd of Max Gust (km/h)","Spd of Max Gust Flag"
"-105.14","69.11","CAMBRIDGE BAY A","2400601","2025-01-01","2025","01","01","","-29.9","","-32.5","","-31.2","","49.2","","0.0","","0.0","","0.0","","0.0","","21","","31","","36",""
"-105.14","69.11","CAMBRIDGE BAY A","2400601","2025-01-02","2025","01","02","","-29.5","","-34.8","","-32.2","","50.2","","0.0","","0.0","","0.0","","0.0","","19","","33","","36",""
"-105.14","69.11","CAMBRIDGE BAY A","2400601","2025-01-03","2025","01","03","","-29.2","","-33.0","","-31.1","","49.1","","0.0","","0.0","","0.0","","0.0","","20","","25","","32",""
"-105.14","69.11","CAMBRIDGE BAY A","2400601","2025-01-04","2025","01","04","","-30.4","","-35.5","","-33.0","","51.0","","0.0","","0.0","","0.0","T","0.0","T","20","","","M","","M"
"-105.14","69.11","CAMBRIDGE BAY A","2400601","2025-01-05","2025","01","05","","-32.2","","-36.9","","-34.6","","52.6","","0.0","","0.0","","0.0","T","0.0","T","20","","31","","45",""
"-105.14","69.11","CAMBRIDGE BAY A","2400601","2025-01-06","2025","01","06","","-30.9","","-36.5","","-33.7","","51.7","","0.0","","0.0","","0.0","T","0.0","T","20","","27","","46",""
"-105.14","69.11","CAMBRIDGE BAY A","2400601","2025-01-07","2025","01","07","","-27.1","","-35.8","","-31.5","","49.5","","0.0","","0.0","","0.2","","0.2","","20","","8","","48",""
"-105.14","69.11","CAMBRIDGE BAY A","2400601","2025-01-08","2025","01","08","","-26.4","","-31.3","","-28.9","","46.9","","0.0","","0.0","","0.0","T","0.0","T","20","","3","","61",""
"-105.14","69.11","CAMBRIDGE BAY A","2400601","2025-01-09","2025","01","09","","-30.4","","-32.4","","-31.4","","49.4","","0.0","","0.0","","0.0","T","0.0","T","20","","1","","53",""
"-105.14","69.11","CAMBRIDGE BAY A","2400601","2025-01-10","2025","01","10","","","M","","M","","M","","M","","M","0.0","","0.0","T","0.0","T","20","","2","","38",""
"-105.14","69.11","CAMBRIDGE BAY A","2400601","2025-01-11","2025","01","11","","-21.2","","-33.7","","-27.5","","45.5","","0.0","","0.0","","0.0","T","0.0","T","20","","16","","53",""
"-105.14","69.11","CAMBRIDGE BAY A","2400601","2025-01-12","2025","01","12","","-17.1","","-22.5","","-19.8","","37.8","","0.0","","0.0","","1.0","","1.0","","20","","15","","44",""
"-105.14","69.11","CAMBRIDGE BAY A","2400601","2025-01-13","2025","01","13","","-19.0","","-30.5","","-24.8","","42.8","","0.0","","0.0","","0.0","T","0.0","T","20","","9","","31",""
"-105.14","69.11","CAMBRIDGE BAY A","2400601","2025-01-14","2025","01","14","","-19.6","","-23.3","","-21.5","","39.5","","0.0","","0.0","","0.0","T","0.0","T","21","","8","","41",""
"-105.14","69.11","CAMBRIDGE BAY A","2400601","2025-01-15","2025","01","15","","-21.9","","-25.1","","-23.5","","41.5","","0.0","","0.0","","1.8","","1.6","","21","","3","","48",""
"-105.14","69.11","CAMBRIDGE BAY A","2400601","2025-01-16","2025","01","16","","-24.0","","-33.8","","-28.9","","46.9","","0.0","","0.0","","0.2","","0.2","","22","","2","","49",""
"-105.14","69.11","CAMBRIDGE BAY A","2400601","2025-01-17","2025","01","17","","-25.2","","-32.4","","-28.8","","46.8","","0.0","","0.0","","0.0","T","0.0","T","22","","32","","43",""
"-105.14","69.11","CAMBRIDGE BAY A","2400601","2025-01-18","2025","01","18","","-28.5","","-32.9","","-30.7","","48.7","","0.0","","0.0","","0.0","T","0.0","T","22","","35","","42",""
"-105.14","69.11","CAMBRIDGE BAY A","2400601","2025-01-19","2025","01","19","","-29.5","","-33.3","","-31.4","","49.4","","0.0","","0.0","","0.0","T","0.0","T","22","","28","","38",""
"-105.14","69.11","CAMBRIDGE BAY A","2400601","2025-01-20","2025","01","20","","-28.0","","-33.9","","-31.0","","49.0","","0.0","","0.0","","0.0","T","0.0","T","22","","11","","31",""
"-105.14","69.11","CAMBRIDGE BAY A","2400601","2025-01-21","2025","01","21","","-20.0","","-32.0","","-26.0","","44.0","","0.0","","0.0","","0.2","","0.2","","22","","","M","","M"
"-105.14","69.11","CAMBRIDGE BAY A","2400601","2025-01-22","2025","01","22","","-13.3","","-23.6","","-18.5","","36.5","","0.0","","0.0","","0.0","T","0.0","T","22","","31","","34",""
"-105.14","69.11","CAMBRIDGE BAY A","2400601","2025-01-23","2025","01","23","","-15.6","","-26.0","","-20.8","","38.8","","0.0","","0.0","","0.0","T","0.0","T","22","","4","","66",""
"-105.14","69.11","CAMBRIDGE BAY A","2400601","2025-01-24","2025","01","24","","","M","","M","","M","","M","","M","0.0","","0.0","","0.0","","22","","31","","33",""
"-105.14","69.11","CAMBRIDGE BAY A","2400601","2025-01-25","2025","01","25","","-25.4","","-34.9","","-30.2","","48.2","","0.0","","0.0","","0.0","T","0.0","T","22","","","M","","M"
"-105.14","69.11","CAMBRIDGE BAY A","2400601","2025-01-26","2025","01","26","","-22.4","","-30.5","","-26.5","","44.5","","0.0","","0.0","","0.0","T","0.0","T","22","","32","","51",""
"-105.14","69.11","CAMBRIDGE BAY A","2400601","2025-01-27","2025","01","27","","-28.6","","-35.3","","-32.0","","50.0","","0.0","","0.0","","0.0","T","0.0","T","22","","32","","33",""
"-105.14","69.11","CAMBRIDGE BAY A","2400601","2025-01-28","2025","01","28","","-26.3","","-32.9","","-29.6","","47.6","","0.0","","0.0","","0.0","T","0.0","T","22","","32","","33",""
"-105.14","69.11","CAMBRIDGE BAY A","2400601","2025-01-29","2025","01","29","","-23.2","","-30.3","","-26.8","","44.8","","0.0","","0.0","","0.4","","0.4","","22","","27","","40",""
"-105.14","69.11","CAMBRIDGE BAY A","2400601","2025-01-30","2025","01","30","","-22.6","","-29.7","","-26.2","","44.2","","0.0","","0.0","","0.0","T","0.0","T","22","","28","","55",""
"-105.14","69.11","CAMBRIDGE BAY A","2400601","2025-01-31","2025","01","31","","","M","","M","","M","","M","","M","","M","","","","M","22","","","","",""
"-105.14","69.11","CAMBRIDGE BAY A","2400601","2025-02-01","2025","02","01","","","M","","M","","M","","M","","M","","M","","M","","M","23","E","31","","66",""
"-105.14","69.11","CAMBRIDGE BAY A","2400601","2025-02-02","2025","02","02","","","M","","M","","M","","M","","M","","M","","M","","M","23","","30","","66",""
"-105.14","69.11","CAMBRIDGE BAY A","2400601","2025-02-03","2025","02","03","","-19.9","","-27.5","","-23.7","","41.7","","0.0","","0.0","","0.0","T","0.0","T","23","","30","","80",""
"-105.14","69.11","CAMBRIDGE BAY A","2400601","2025-02-04","2025","02","04","","-16.8","","-20.9","","-18.9","","36.9","","0.0","","0.0","","0.0","T","0.0","T","23","","27","","57",""
"-105.14","69.11","CAMBRIDGE BAY A","2400601","2025-02-05","2025","02","05","","-19.4","","-29.4","","-24.4","","42.4","","0.0","","0.0","","0.0","T","0.0","T","23","","28","","40",""
"-105.14","69.11","CAMBRIDGE BAY A","2400601","2025-02-06","2025","02","06","","","M","","M","","M","","M","","M","","M","","M","","M","24","E","32","","67",""
"-105.14","69.11","CAMBRIDGE BAY A","2400601","2025-02-07","2025","02","07","","-16.0","","-20.9","","-18.5","","36.5","","0.0","","0.0","","0.4","","0.2","","23","","33","","54",""
"-105.14","69.11","CAMBRIDGE BAY A","2400601","2025-02-08","2025","02","08","","-20.9","","-31.9","","-26.4","","44.4","","0.0","","0.0","","0.0","T","0.0","T","23","","29","","39",""
"-105.14","69.11","CAMBRIDGE BAY A","2400601","2025-02-09","2025","02","09","","","M","","M","","M","","M","","M","0.0","","0.0","T","0.0","T","23","","27","","47",""
"-105.14","69.11","CAMBRIDGE BAY A","2400601","2025-02-10","2025","02","10","","-19.9","","-26.5","","-23.2","","41.2","","0.0","","0.0","","0.0","T","0.0","T","23","","34","","41",""
"-105.14","69.11","CAMBRIDGE BAY A","2400601","2025-02-11","2025","02","11","","-21.5","","-30.3","","-25.9","","43.9","","0.0","","0.0","","0.2","","0.2","","23","","34","","37",""
"-105.14","69.11","CAMBRIDGE BAY A","2400601","2025-02-12","2025","02","12","","-28.7","","-33.2","","-31.0","","49.0","","0.0","","0.0","","0.0","T","0.0","T","23","","3","","39",""
"-105.14","69.11","CAMBRIDGE BAY A","2400601","2025-02-13","2025","02","13","","-22.4","","-33.1","","-27.8","","45.8","","0.0","","0.0","","0.0","T","0.0","T","23","","32","","60",""
"-105.14","69.11","CAMBRIDGE BAY A","2400601","2025-02-14","2025","02","14","","-20.9","","-28.6","","-24.8","","42.8","","0.0","","0.0","","0.0","","0.0","","23","","33","","59",""
"-105.14","69.11","CAMBRIDGE BAY A","2400601","2025-02-15","2025","02","15","","","M","","M","","M","","M","","M","","M","","M","","M","23","","30","","33",""
"-105.14","69.11","CAMBRIDGE BAY A","2400601","2025-02-16","2025","02","16","","-24.0","","-32.5","","-28.3","","46.3","","0.0","","0.0","","0.0","T","0.0","T","23","","13","","32",""
"-105.14","69.11","CAMBRIDGE BAY A","2400601","2025-02-17","2025","02","17","","-23.0","","-28.0","","-25.5","","43.5","","0.0","","0.0","","0.0","","0.0","","23","","","M","","M"
"-105.14","69.11","CAMBRIDGE BAY A","2400601","2025-02-18","2025","02","18","","-21.3","","-28.2","","-24.8","","42.8","","0.0","","0.0","","0.0","","0.0","","23","","","M","","M"
"-105.14","69.11","CAMBRIDGE BAY A","2400601","2025-02-19","2025","02","19","","-18.1","","-25.1","","-21.6","","39.6","","0.0","","0.0","","0.0","","0.0","","23","","23","","34",""
"-105.14","69.11","CAMBRIDGE BAY A","2400601","2025-02-20","2025","02","20","","-18.2","","-27.1","","-22.7","","40.7","","0.0","","0.0","","0.0","T","0.0","T","23","","31","","44",""
"-105.14","69.11","CAMBRIDGE BAY A","2400601","2025-02-21","2025","02","21","","-24.8","","-29.9","","-27.4","","45.4","","0.0","","0.0","","0.0","","0.0","","23","","30","","45",""
"-105.14","69.11","CAMBRIDGE BAY A","2400601","2025-02-22","2025","02","22","","-28.0","","-31.8","","-29.9","","47.9","","0.0","","0.0","","0.0","T","0.0","T","23","","29","","41",""
"-105.14","69.11","CAMBRIDGE BAY A","2400601","2025-02-23","2025","02","23","","-29.4","","-33.5","","-31.5","","49.5","","0.0","","0.0","","0.0","T","0.0","T","23","","28","","42",""
"-105.14","69.11","CAMBRIDGE BAY A","2400601","2025-02-24","2025","02","24","","-27.3","","-30.7","","-29.0","","47.0","","0.0","","0.0","","0.0","T","0.0","T","23","","32","","45",""
"-105.14","69.11","CAMBRIDGE BAY A","2400601","2025-02-25","2025","02","25","","","M","","M","","M","","M","","M","","M","","","","M","23","","","","",""
"-105.14","69.11","CAMBRIDGE BAY A","2400601","2025-02-26","2025","02","26","","","M","","M","","M","","M","","M","","M","","M","","M","","","36","","35",""
"-105.14","69.11","CAMBRIDGE BAY A","2400601","2025-02-27","2025","02","27","","","M","","M","","M","","M","","M","","M","","","","M","23","","","","",""
"-105.14","69.11","CAMBRIDGE BAY A","2400601","2025-02-28","2025","02","28","","","M","","M","","M","","M","","M","","M","","M","","M","23","E","29","","39",""
"-105.14","69.11","CAMBRIDGE BAY A","2400601","2025-03-01","2025","03","01","","-24.2","","-32.5","","-28.4","","46.4","","0.0","","0.0","","0.0","T","0.0","T","23","","28","","40",""
"-105.14","69.11","CAMBRIDGE BAY A","2400601","2025-03-02","2025","03","02","","-22.7","","-28.0","","-25.4","","43.4","","0.0","","0.0","","0.0","T","0.0","T","23","","31","","36",""
"-105.14","69.11","CAMBRIDGE BAY A","2400601","2025-03-03","2025","03","03","","-21.7","","-28.6","","-25.2","","43.2","","0.0","","0.0","","0.0","T","0.0","T","23","","28","","31",""
"-105.14","69.11","CAMBRIDGE BAY A","2400601","2025-03-04","2025","03","04","","-18.9","","-27.1","","-23.0","","41.0","","0.0","","0.0","","0.0","T","0.0","T","23","","28","","34",""
"-105.14","69.11","CAMBRIDGE BAY A","2400601","2025-03-05","2025","03","05","","-17.9","","-24.3","","-21.1","","39.1","","0.0","","0.0","","0.0","T","0.0","T","23","","30","","42",""
"-105.14","69.11","CAMBRIDGE BAY A","2400601","2025-03-06","2025","03","06","","","M","","M","","M","","M","","M","","M","","","","M","23","","","","",""
"-105.14","69.11","CAMBRIDGE BAY A","2400601","2025-03-07","2025","03","07","","","M","","M","","M","","M","","M","","M","","M","","M","23","E","1","","38",""
"-105.14","69.11","CAMBRIDGE BAY A","2400601","2025-03-08","2025","03","08","","-22.4","","-27.4","","-24.9","","42.9","","0.0","","0.0","","0.8","","0.6","","24","","1","","42",""
"-105.14","69.11","CAMBRIDGE BAY A","2400601","2025-03-09","2025","03","09","","-23.7","","-30.2","","-27.0","","45.0","","0.0","","0.0","","0.2","","0.2","","24","","33","","46",""
"-105.14","69.11","CAMBRIDGE BAY A","2400601","2025-03-10","2025","03","10","","-20.5","","-30.7","","-25.6","","43.6","","0.0","","0.0","","0.2","","0.2","","24","","32","","38",""
"-105.14","69.11","CAMBRIDGE BAY A","2400601","2025-03-11","2025","03","11","","-17.5","","-20.5","","-19.0","","37.0","","0.0","","0.0","","1.0","","1.0","","24","","3","","51",""
"-105.14","69.11","CAMBRIDGE BAY A","2400601","2025-03-12","2025","03","12","","-19.7","","-23.2","","-21.5","","39.5","","0.0","","0.0","","0.4","","0.4","","25","","2","","48",""
"-105.14","69.11","CAMBRIDGE BAY A","2400601","2025-03-13","2025","03","13","","-19.1","","-28.9","","-24.0","","42.0","","0.0","","0.0","","0.2","","0.2","","25","","34","","41",""
"-105.14","69.11","CAMBRIDGE BAY A","2400601","2025-03-14","2025","03","14","","-25.6","","-30.6","","-28.1","","46.1","","0.0","","0.0","","0.0","","0.0","","25","","34","","59",""
"-105.14","69.11","CAMBRIDGE BAY A","2400601","2025-03-15","2025","03","15","","-29.2","","-34.0","","-31.6","","49.6","","0.0","","0.0","","0.0","","0.0","","25","","31","","32",""
"-105.14","69.11","CAMBRIDGE BAY A","2400601","2025-03-16","2025","03","16","","-29.2","","-34.8","","-32.0","","50.0","","0.0","","0.0","","0.0","T","0.0","T","25","","","M","","M"
"-105.14","69.11","CAMBRIDGE BAY A","2400601","2025-03-17","2025","03","17","","-25.6","","-36.3","","-31.0","","49.0","","0.0","","0.0","","0.0","","0.0","","25","","32","","50",""
"-105.14","69.11","CAMBRIDGE BAY A","2400601","2025-03-18","2025","03","18","","-18.1","","-25.6","","-21.9","","39.9","","0.0","","0.0","","0.4","","0.4","","25","","36","","49",""
"-105.14","69.11","CAMBRIDGE BAY A","2400601","2025-03-19","2025","03","19","","-17.4","","-22.6","","-20.0","","38.0","","0.0","","0.0","","0.0","T","0.0","T","25","","36","","50",""
"-105.14","69.11","CAMBRIDGE BAY A","2400601","2025-03-20","2025","03","20","","","M","","M","","M","","M","","M","","M","","","","M","25","","","","",""
"-105.14","69.11","CAMBRIDGE BAY A","2400601","2025-03-21","2025","03","21","","","M","","M","","M","","M","","M","","M","","M","","M","25","E","","M","","M"
"-105.14","69.11","CAMBRIDGE BAY A","2400601","2025-03-22","2025","03","22","","-25.5","","-31.8","","-28.7","","46.7","","0.0","","0.0","","0.0","","0.0","","25","","","M","","M"
"-105.14","69.11","CAMBRIDGE BAY A","2400601","2025-03-23","2025","03","23","","-26.2","","-33.2","","-29.7","","47.7","","0.0","","0.0","","0.0","","0.0","","25","","","M","","M"
"-105.14","69.11","CAMBRIDGE BAY A","2400601","2025-03-24","2025","03","24","","-25.4","","-32.3","","-28.9","","46.9","","0.0","","0.0","","0.0","T","0.0","T","25","","","M","","M"
"-105.14","69.11","CAMBRIDGE BAY A","2400601","2025-03-25","2025","03","25","","-26.8","","-34.5","","-30.7","","48.7","","0.0","","0.0","","0.0","","0.0","","25","E","","M","","M"
"-105.14","69.11","CAMBRIDGE BAY A","2400601","2025-03-26","2025","03","26","","","M","","M","","M","","M","","M","0.0","","0.0","T","0.0","T","25","","32","","40",""
"-105.14","69.11","CAMBRIDGE BAY A","2400601","2025-03-27","2025","03","27","","","M","","M","","M","","M","","M","","M","","","","M","25","","","","",""
"-105.14","69.11","CAMBRIDGE BAY A","2400601","2025-03-28","2025","03","28","","","M","","M","","M","","M","","M","","M","","M","","M","25","E","1","","46",""
"-105.14","69.11","CAMBRIDGE BAY A","2400601","2025-03-29","2025","03","29","","-27.1","","-32.8","","-30.0","","48.0","","0.0","","0.0","","0.0","T","0.0","T","25","","","M","","M"
"-105.14","69.11","CAMBRIDGE BAY A","2400601","2025-03-30","2025","03","30","","-23.1","","-33.2","","-28.2","","46.2","","0.0","","0.0","","0.0","","0.0","","25","","34","","33",""
"-105.14","69.11","CAMBRIDGE BAY A","2400601","2025-03-31","2025","03","31","","-22.3","","-31.2","","-26.8","","44.8","","0.0","","0.0","","0.0","","0.0","","25","","","M","","M"
"-105.14","69.11","CAMBRIDGE BAY A","2400601","2025-04-01","2025","04","01","","-22.2","","-33.2","","-27.7","","45.7","","0.0","","0.0","","0.0","T","0.0","T","25","","","M","","M"
"-105.14","69.11","CAMBRIDGE BAY A","2400601","2025-04-02","2025","04","02","","-21.0","","-30.0","","-25.5","","43.5","","0.0","","0.0","","0.0","T","0.0","T","25","","","M","","M"
"-105.14","69.11","CAMBRIDGE BAY A","2400601","2025-04-03","2025","04","03","","-19.8","","-30.8","","-25.3","","43.3","","0.0","","0.0","","0.0","T","0.0","T","25","","","M","","M"
"-105.14","69.11","CAMBRIDGE BAY A","2400601","2025-04-04","2025","04","04","","","M","","M","","M","","M","","M","","M","","","","M","25","","","","",""
"-105.14","69.11","CAMBRIDGE BAY A","2400601","2025-04-05","2025","04","05","","","M","","M","","M","","M","","M","","M","","M","","M","25","E","","M","","M"
"-105.14","69.11","CAMBRIDGE BAY A","2400601","2025-04-06","2025","04","06","","-16.9","","-30.1","","-23.5","","41.5","","0.0","","0.0","","0.6","","0.6","","25","","14","","57",""
"-105.14","69.11","CAMBRIDGE BAY A","2400601","2025-04-07","2025","04","07","","-10.8","","-17.2","","-14.0","","32.0","","0.0","","0.0","","1.4","","1.4","","26","","14","","76",""
"-105.14","69.11","CAMBRIDGE BAY A","2400601","2025-04-08","2025","04","08","","-6.8","","-14.3","","-10.6","","28.6","","0.0","","0.0","","0.0","T","0.0","T","27","","14","","47",""
"-105.14","69.11","CAMBRIDGE BAY A","2400601","2025-04-09","2025","04","09","","-6.8","","-15.7","","-11.3","","29.3","","0.0","","0.0","","1.0","","1.0","","28","","","M","","M"
"-105.14","69.11","CAMBRIDGE BAY A","2400601","2025-04-10","2025","04","10","","-10.3","","-18.2","","-14.3","","32.3","","0.0","","0.0","","0.0","T","0.0","T","28","","","M","","M"
"-105.14","69.11","CAMBRIDGE BAY A","2400601","2025-04-11","2025","04","11","","-10.8","","-21.8","","-16.3","","34.3","","0.0","","0.0","","0.0","T","0.0","T","28","","","M","","M"
"-105.14","69.11","CAMBRIDGE BAY A","2400601","2025-04-12","2025","04","12","","-15.9","","-24.3","","-20.1","","38.1","","0.0","","0.0","","0.0","","0.0","","28","","27","","37",""
"-105.14","69.11","CAMBRIDGE BAY A","2400601","2025-04-13","2025","04","13","","-15.1","","-24.7","","-19.9","","37.9","","0.0","","0.0","","0.0","T","0.0","T","28","","30","","34",""
"-105.14","69.11","CAMBRIDGE BAY A","2400601","2025-04-14","2025","04","14","","-17.1","","-27.1","","-22.1","","40.1","","0.0","","0.0","","0.0","T","0.0","T","28","","31","","32",""
"-105.14","69.11","CAMBRIDGE BAY A","2400601","2025-04-15","2025","04","15","","-20.5","","-29.0","","-24.8","","42.8","","0.0","","0.0","","0.0","","0.0","","28","","","M","","M"
"-105.14","69.11","CAMBRIDGE BAY A","2400601","2025-04-16","2025","04","16","","-19.4","","-28.7","","-24.1","","42.1","","0.0","","0.0","","0.0","","0.0","","28","","","M","","M"
"-105.14","69.11","CAMBRIDGE BAY A","2400601","2025-04-17","2025","04","17","","","M","","M","","M","","M","","M","","M","","","","M","28","","","","",""
"-105.14","69.11","CAMBRIDGE BAY A","2400601","2025-04-18","2025","04","18","","","M","","M","","M","","M","","M","","M","","","","M","28","E","","","",""
"-105.14","69.11","CAMBRIDGE BAY A","2400601","2025-04-19","2025","04","19","","","M","","M","","M","","M","","M","","M","","M","","M","33","E","32","","57",""
"-105.14","69.11","CAMBRIDGE BAY A","2400601","2025-04-20","2025","04","20","","-12.5","","-21.0","","-16.8","","34.8","","0.0","","0.0","","0.0","T","0.0","T","32","","24","","46",""
"-105.14","69.11","CAMBRIDGE BAY A","2400601","2025-04-21","2025","04","21","","","M","","M","","M","","M","","M","0.0","","0.6","","0.6","","33","","","M","","M"
"-105.14","69.11","CAMBRIDGE BAY A","2400601","2025-04-22","2025","04","22","","","M","","M","","M","","M","","M","0.0","","0.2","","0.2","","33","","","M","","M"
"-105.14","69.11","CAMBRIDGE BAY A","2400601","2025-04-23","2025","04","23","","-16.6","","-22.7","","-19.7","","37.7","","0.0","","0.0","","0.0","T","0.0","T","33","","","M","","M"
"-105.14","69.11","CAMBRIDGE BAY A","2400601","2025-04-24","2025","04","24","","-18.1","","-25.4","","-21.8","","39.8","","0.0","","0.0","","0.0","T","0.0","T","33","","","M","","M"
"-105.14","69.11","CAMBRIDGE BAY A","2400601","2025-04-25","2025","04","25","","-16.5","","-26.0","","-21.3","","39.3","","0.0","","0.0","","0.0","T","0.0","T","33","","32","","40",""
"-105.14","69.11","CAMBRIDGE BAY A","2400601","2025-04-26","2025","04","26","","-13.1","","-18.4","","-15.8","","33.8","","0.0","","0.0","","0.2","","0.2","","33","","33","","39",""
"-105.14","69.11","CAMBRIDGE BAY A","2400601","2025-04-27","2025","04","27","","-12.2","","-19.9","","-16.1","","34.1","","0.0","","0.0","","0.0","T","0.0","T","33","","26","","32",""
"-105.14","69.11","CAMBRIDGE BAY A","2400601","2025-04-28","2025","04","28","","-14.2","","-22.4","","-18.3","","36.3","","0.0","","0.0","","0.0","T","0.0","T","33","","","M","","M"
"-105.14","69.11","CAMBRIDGE BAY A","2400601","2025-04-29","2025","04","29","","-16.0","","-24.6","","-20.3","","38.3","","0.0","","0.0","","0.0","T","0.0","T","33","","36","","33",""
"-105.14","69.11","CAMBRIDGE BAY A","2400601","2025-04-30","2025","04","30","","-14.6","","-22.8","","-18.7","","36.7","","0.0","","0.0","","0.0","T","0.0","T","33","","29","","46",""
"-105.14","69.11","CAMBRIDGE BAY A","2400601","2025-05-01","2025","05","01","","-11.5","","-18.5","","-15.0","","33.0","","0.0","","0.0","","0.2","","0.2","","33","","29","","38",""
"-105.14","69.11","CAMBRIDGE BAY A","2400601","2025-05-02","2025","05","02","","-8.5","","-20.0","","-14.3","","32.3","","0.0","","0.0","","0.0","T","0.0","T","33","","33","","42",""
"-105.14","69.11","CAMBRIDGE BAY A","2400601","2025-05-03","2025","05","03","","-8.4","","-11.7","","-10.1","","28.1","","0.0","","0.0","","0.0","T","0.0","T","33","","32","","37",""
"-105.14","69.11","CAMBRIDGE BAY A","2400601","2025-05-04","2025","05","04","","-9.2","","-17.1","","-13.2","","31.2","","0.0","","0.0","","0.0","T","0.0","T","33","","1","","32",""
"-105.14","69.11","CAMBRIDGE BAY A","2400601","2025-05-05","2025","05","05","","","M","","M","","M","","M","","M","0.0","","0.0","T","0.0","T","33","","27","","51",""
"-105.14","69.11","CAMBRIDGE BAY A","2400601","2025-05-06","2025","05","06","","-7.0","","-15.8","","-11.4","","29.4","","0.0","","0.0","","0.0","","0.0","","33","","27","","57",""
"-105.14","69.11","CAMBRIDGE BAY A","2400601","2025-05-07","2025","05","07","","","M","","M","","M","","M","","M","0.0","","0.0","","0.0","","33","","27","","42",""
"-105.14","69.11","CAMBRIDGE BAY A","2400601","2025-05-08","2025","05","08","","","M","","M","","M","","M","","M","","M","","","","M","33","","","","",""
"-105.14","69.11","CAMBRIDGE BAY A","2400601","2025-05-09","2025","05","09","","","M","","M","","M","","M","","M","","M","","","","M","33","E","","","",""
"-105.14","69.11","CAMBRIDGE BAY A","2400601","2025-05-10","2025","05","10","","","M","","M","","M","","M","","M","","M","","M","","M","33","E","27","","31",""
"-105.14","69.11","CAMBRIDGE BAY A","2400601","2025-05-11","2025","05","11","","-7.3","","-13.8","","-10.6","","28.6","","0.0","","0.0","","0.0","T","0.0","T","33","","","M","","M"
"-105.14","69.11","CAMBRIDGE BAY A","2400601","2025-05-12","2025","05","12","","-6.3","","-13.7","","-10.0","","28.0","","0.0","","0.0","","0.2","","0.2","","33","","","M","","M"
"-105.14","69.11","CAMBRIDGE BAY A","2400601","2025-05-13","2025","05","13","","-9.7","","-17.0","","-13.4","","31.4","","0.0","","0.0","","0.0","T","0.0","T","32","","","M","","M"
"-105.14","69.11","CAMBRIDGE BAY A","2400601","2025-05-14","2025","05","14","","-6.6","","-13.9","","-10.3","","28.3","","0.0","","0.0","","0.0","T","0.0","T","29","","27","","48",""
"-105.14","69.11","CAMBRIDGE BAY A","2400601","2025-05-15","2025","05","15","","-4.8","","-11.7","","-8.3","","26.3","","0.0","","0.0","","0.0","T","0.0","T","29","","27","","37",""
"-105.14","69.11","CAMBRIDGE BAY A","2400601","2025-05-16","2025","05","16","","","M","","M","","M","","M","","M","","M","","M","","M","29","","","M","","M"
"-105.14","69.11","CAMBRIDGE BAY A","2400601","2025-05-17","2025","05","17","","-6.0","","-11.1","","-8.6","","26.6","","0.0","","0.0","","0.0","","0.0","","29","","","M","","M"
"-105.14","69.11","CAMBRIDGE BAY A","2400601","2025-05-18","2025","05","18","","-2.8","","-12.0","","-7.4","","25.4","","0.0","","0.0","","0.0","T","0.0","T","29","","10","","41",""
"-105.14","69.11","CAMBRIDGE BAY A","2400601","2025-05-19","2025","05","19","","","M","","M","","M","","M","","M","0.0","T","0.0","","0.0","T","29","","12","","41",""
"-105.14","69.11","CAMBRIDGE BAY A","2400601","2025-05-20","2025","05","20","","-0.4","","-2.8","","-1.6","","19.6","","0.0","","0.0","","0.0","T","0.0","T","29","","13","","35",""
"-105.14","69.11","CAMBRIDGE BAY A","2400601","2025-05-21","2025","05","21","","1.5","","-4.5","","-1.5","","19.5","","0.0","","0.0","","0.2","","0.2","","27","","14","","50",""
"-105.14","69.11","CAMBRIDGE BAY A","2400601","2025-05-22","2025","05","22","","3.7","","0.2","","2.0","","16.0","","0.0","","0.0","T","0.0","","0.0","T","25","","13","","34",""
"-105.14","69.11","CAMBRIDGE BAY A","2400601","2025-05-23","2025","05","23","","5.5","","0.5","","3.0","","15.0","","0.0","","0.0","","0.0","","0.0","","22","","25","","32",""
"-105.14","69.11","CAMBRIDGE BAY A","2400601","2025-05-24","2025","05","24","","","M","","M","","M","","M","","M","0.0","","0.0","","0.0","","19","","29","","41",""
"-105.14","69.11","CAMBRIDGE BAY A","2400601","2025-05-25","2025","05","25","","0.9","","-0.6","","0.2","","17.8","","0.0","","1.2","","0.0","","1.2","","15","","7","","37",""
"-105.14","69.11","CAMBRIDGE BAY A","2400601","2025-05-26","2025","05","26","","2.2","","-0.4","","0.9","","17.1","","0.0","","0.0","","0.0","","0.0","","9","","","M","","M"
"-105.14","69.11","CAMBRIDGE BAY A","2400601","2025-05-27","2025","05","27","","2.1","","0.0","","1.1","","16.9","","0.0","","0.0","T","0.0","","0.0","T","5","","9","","34",""
"-105.14","69.11","CAMBRIDGE BAY A","2400601","2025-05-28","2025","05","28","","5.5","","0.2","","2.9","","15.1","","0.0","","0.0","T","0.0","","0.0","T","5","","27","","36",""
"-105.14","69.11","CAMBRIDGE BAY A","2400601","2025-05-29","2025","05","29","","8.4","","-1.1","","3.7","","14.3","","0.0","","0.0","T","0.0","","0.0","T","4","","11","","42",""
"-105.14","69.11","CAMBRIDGE BAY A","2400601","2025-05-30","2025","05","30","","8.7","","0.8","","4.8","","13.2","","0.0","","0.0","","0.0","","0.0","","0","T","24","","83",""
"-105.14","69.11","CAMBRIDGE BAY A","2400601","2025-05-31","2025","05","31","","5.3","","0.8","","3.1","","14.9","","0.0","","0.0","","0.0","","0.0","","0","T","24","","71",""
"-105.14","69.11","CAMBRIDGE BAY A","2400601","2025-06-01","2025","06","01","","9.4","","-0.5","","4.5","","13.5","","0.0","","1.8","","0.0","","1.8","","0","T","","M","","M"
"-105.14","69.11","CAMBRIDGE BAY A","2400601","2025-06-02","2025","06","02","","2.7","","0.8","","1.8","","16.2","","0.0","","4.2","","0.0","","4.2","","0","T","3","","34",""
"-105.14","69.11","CAMBRIDGE BAY A","2400601","2025-06-03","2025","06","03","","1.0","","-0.6","","0.2","","17.8","","0.0","","0.0","","0.0","T","0.0","T","0","T","34","","38",""
"-105.14","69.11","CAMBRIDGE BAY A","2400601","2025-06-04","2025","06","04","","0.5","","-1.7","","-0.6","","18.6","","0.0","","0.0","","0.0","","0.0","","","","32","","32",""
"-105.14","69.11","CAMBRIDGE BAY A","2400601","2025-06-05","2025","06","05","","4.2","","-0.8","","1.7","","16.3","","0.0","","0.0","","0.0","","0.0","","","","","M","","M"
"-105.14","69.11","CAMBRIDGE BAY A","2400601","2025-06-06","2025","06","06","","5.0","","-1.0","","2.0","","16.0","","0.0","","0.0","","0.0","","0.0","","","","5","","39",""
"-105.14","69.11","CAMBRIDGE BAY A","2400601","2025-06-07","2025","06","07","","5.8","","-1.6","","2.1","","15.9","","0.0","","0.0","","0.0","T","0.0","T","0","T","2","","35",""
"-105.14","69.11","CAMBRIDGE BAY A","2400601","2025-06-08","2025","06","08","","7.7","","-0.2","","3.8","","14.2","","0.0","","0.0","","0.0","","0.0","","","","14","","36",""
"-105.14","69.11","CAMBRIDGE BAY A","2400601","2025-06-09","2025","06","09","","7.0","","-0.8","","3.1","","14.9","","0.0","","0.0","","0.0","","0.0","","","","12","","36",""
"-105.14","69.11","CAMBRIDGE BAY A","2400601","2025-06-10","2025","06","10","","","M","","M","","M","","M","","M","","M","","","","M","","","","","",""
"-105.14","69.11","CAMBRIDGE BAY A","2400601","2025-06-11","2025","06","11","","","M","","M","","M","","M","","M","","M","","","","M","","","","","",""
"-105.14","69.11","CAMBRIDGE BAY A","2400601","2025-06-12","2025","06","12","","","M","","M","","M","","M","","M","","M","","M","","M","0","T","33","","39",""
"-105.14","69.11","CAMBRIDGE BAY A","2400601","2025-06-13","2025","06","13","","","M","","M","","M","","M","","M","","M","","M","","M","","","3","","39",""
"-105.14","69.11","CAMBRIDGE BAY A","2400601","2025-06-14","2025","06","14","","8.7","","0.3","","4.5","","13.5","","0.0","","0.0","","0.0","","0.0","","","","31","","48",""
"-105.14","69.11","CAMBRIDGE BAY A","2400601","2025-06-15","2025","06","15","","8.4","","1.6","","5.0","","13.0","","0.0","","0.6","","0.0","","0.6","","","","16","","42",""
"-105.14","69.11","CAMBRIDGE BAY A","2400601","2025-06-16","2025","06","16","","6.2","","1.9","","4.1","","13.9","","0.0","","0.5","","0.0","","0.5","","","","34","","45",""
"-105.14","69.11","CAMBRIDGE BAY A","2400601","2025-06-17","2025","06","17","","7.7","","2.2","","5.0","","13.0","","0.0","","0.0","T","0.0","","0.0","T","","","","M","","M"
"-105.14","69.11","CAMBRIDGE BAY A","2400601","2025-06-18","2025","06","18","","5.1","","1.5","","3.3","","14.7","","0.0","","0.3","","0.0","","0.3","","","","34","","37",""
"-105.14","69.11","CAMBRIDGE BAY A","2400601","2025-06-19","2025","06","19","","5.8","","1.0","","3.4","","14.6","","0.0","","0.0","","0.0","T","0.0","T","","","3","","37",""
"-105.14","69.11","CAMBRIDGE BAY A","2400601","2025-06-20","2025","06","20","","5.4","","1.8","","3.6","","14.4","","0.0","","0.0","T","0.0","","0.0","T","","","1","","48",""
"-105.14","69.11","CAMBRIDGE BAY A","2400601","2025-06-21","2025","06","21","","10.5","","2.0","","6.3","","11.7","","0.0","","0.0","","0.0","","0.0","","","","3","","39",""
"-105.14","69.11","CAMBRIDGE BAY A","2400601","2025-06-22","2025","06","22","","","M","","M","","M","","M","","M","","M","","","","M","","","","","",""
"-105.14","69.11","CAMBRIDGE BAY A","2400601","2025-06-23","2025","06","23","","","M","","M","","M","","M","","M","","M","","M","","M","","","","M","","M"
"-105.14","69.11","CAMBRIDGE BAY A","2400601","2025-06-24","2025","06","24","","9.4","","3.4","","6.4","","11.6","","0.0","","0.0","T","0.0","","0.0","T","","","3","","52",""
"-105.14","69.11","CAMBRIDGE BAY A","2400601","2025-06-25","2025","06","25","","6.3","","1.8","","4.1","","13.9","","0.0","","0.0","","0.0","","0.0","","","","3","","37",""
"-105.14","69.11","CAMBRIDGE BAY A","2400601","2025-06-26","2025","06","26","","","M","","M","","M","","M","","M","","M","","","","M","","","","","",""
"-105.14","69.11","CAMBRIDGE BAY A","2400601","2025-06-27","2025","06","27","","","M","","M","","M","","M","","M","","M","","","","M","","","","","",""
"-105.14","69.11","CAMBRIDGE BAY A","2400601","2025-06-28","2025","06","28","","","M","","M","","M","","M","","M","","M","","M","","M","","","6","","32",""
"-105.14","69.11","CAMBRIDGE BAY A","2400601","2025-06-29","2025","06","29","","12.7","","4.4","","8.6","","9.4","","0.0","","0.0","","0.0","","0.0","","","","2","","35",""
"-105.14","69.11","CAMBRIDGE BAY A","2400601","2025-06-30","2025","06","30","","14.5","","4.9","","9.7","","8.3","","0.0","","0.0","","0.0","","0.0","","","","1","","35",""
"-105.14","69.11","CAMBRIDGE BAY A","2400601","2025-07-01","2025","07","01","","12.5","","3.8","","8.2","","9.8","","0.0","","0.0","T","0.0","","0.0","T","","","26","","37",""
"-105.14","69.11","CAMBRIDGE BAY A","2400601","2025-07-02","2025","07","02","","9.3","","3.2","","6.3","","11.7","","0.0","","0.0","T","0.0","","0.0","T","","","1","","48",""
"-105.14","69.11","CAMBRIDGE BAY A","2400601","2025-07-03","2025","07","03","","11.4","","2.1","","6.8","","11.2","","0.0","","0.0","","0.0","","0.0","","","","","M","","M"
"-105.14","69.11","CAMBRIDGE BAY A","2400601","2025-07-04","2025","07","04","","12.5","","2.2","","7.4","","10.6","","0.0","","0.0","T","0.0","","0.0","T","","","4","","41",""
"-105.14","69.11","CAMBRIDGE BAY A","2400601","2025-07-05","2025","07","05","","12.1","","4.1","","8.1","","9.9","","0.0","","0.0","","0.0","","0.0","","","","32","","48",""
"-105.14","69.11","CAMBRIDGE BAY A","2400601","2025-07-06","2025","07","06","","15.6","","5.8","","10.7","","7.3","","0.0","","0.0","","0.0","","0.0","","","","34","","32",""
"-105.14","69.11","CAMBRIDGE BAY A","2400601","2025-07-07","2025","07","07","","16.3","","4.0","","10.2","","7.8","","0.0","","0.0","","0.0","","0.0","","","","27","","46",""
"-105.14","69.11","CAMBRIDGE BAY A","2400601","2025-07-08","2025","07","08","","18.6","","7.8","","13.2","","4.8","","0.0","","0.0","","0.0","","0.0","","","","","M","","M"
"-105.14","69.11","CAMBRIDGE BAY A","2400601","2025-07-09","2025","07","09","","19.0","","7.5","","13.3","","4.7","","0.0","","0.0","T","0.0","","0.0","T","","","3","","45",""
"-105.14","69.11","CAMBRIDGE BAY A","2400601","2025-07-10","2025","07","10","","10.8","","4.7","","7.8","","10.2","","0.0","","0.0","T","0.0","","0.0","T","","","33","","59",""
"-105.14","69.11","CAMBRIDGE BAY A","2400601","2025-07-11","2025","07","11","","4.8","","2.6","","3.7","","14.3","","0.0","","0.0","","0.0","T","0.0","T","","","24","","58",""
"-105.14","69.11","CAMBRIDGE BAY A","2400601","2025-07-12","2025","07","12","","8.8","","1.3","","5.1","","12.9","","0.0","","0.0","","0.0","T","0.0","T","","","32","","58",""
"-105.14","69.11","CAMBRIDGE BAY A","2400601","2025-07-13","2025","07","13","","7.1","","2.1","","4.6","","13.4","","0.0","","0.0","","0.0","T","0.0","T","","","33","","48",""
"-105.14","69.11","CAMBRIDGE BAY A","2400601","2025-07-14","2025","07","14","","12.4","","2.2","","7.3","","10.7","","0.0","","0.0","","0.0","","0.0","","","","30","","37",""
"-105.14","69.11","CAMBRIDGE BAY A","2400601","2025-07-15","2025","07","15","","16.5","","4.1","","10.3","","7.7","","0.0","","0.0","","0.0","","0.0","","","","32","","32",""
"-105.14","69.11","CAMBRIDGE BAY A","2400601","2025-07-16","2025","07","16","","14.8","","6.8","","10.8","","7.2","","0.0","","0.0","","0.0","","0.0","","","","","M","","M"
"-105.14","69.11","CAMBRIDGE BAY A","2400601","2025-07-17","2025","07","17","","16.0","","6.2","","11.1","","6.9","","0.0","","0.0","T","0.0","","0.0","T","","","3","","32",""
"-105.14","69.11","CAMBRIDGE BAY A","2400601","2025-07-18","2025","07","18","","12.6","","7.5","","10.1","","7.9","","0.0","","0.2","","0.0","","0.2","","","","3","","35",""
"-105.14","69.11","CAMBRIDGE BAY A","2400601","2025-07-19","2025","07","19","","9.9","","7.3","","8.6","","9.4","","0.0","","3.4","","0.0","","3.4","","","","3","","55",""
"-105.14","69.11","CAMBRIDGE BAY A","2400601","2025-07-20","2025","07","20","","8.4","","4.8","","6.6","","11.4","","0.0","","0.6","","0.0","","0.6","","","","2","","61",""
"-105.14","69.11","CAMBRIDGE BAY A","2400601","2025-07-21","2025","07","21","","6.7","","2.9","","4.8","","13.2","","0.0","","0.0","","0.0","","0.0","","","","1","","50",""
"-105.14","69.11","CAMBRIDGE BAY A","2400601","2025-07-22","2025","07","22","","7.7","","1.5","","4.6","","13.4","","0.0","","0.0","","0.0","","0.0","","","","3","","41",""
"-105.14","69.11","CAMBRIDGE BAY A","2400601","2025-07-23","2025","07","23","","6.9","","4.1","","5.5","","12.5","","0.0","","0.0","T","0.0","","0.0","T","","","1","","39",""
"-105.14","69.11","CAMBRIDGE BAY A","2400601","2025-07-24","2025","07","24","","","M","","M","","M","","M","","M","","M","","","","M","","","","","",""
"-105.14","69.11","CAMBRIDGE BAY A","2400601","2025-07-25","2025","07","25","","","M","","M","","M","","M","","M","","M","","","","M","","","","","",""
"-105.14","69.11","CAMBRIDGE BAY A","2400601","2025-07-26","2025","07","26","","","M","","M","","M","","M","","M","","M","","","","M","","","","","",""
"-105.14","69.11","CAMBRIDGE BAY A","2400601","2025-07-27","2025","07","27","","","M","","M","","M","","M","","M","","M","","M","","M","","","1","","37",""
"-105.14","69.11","CAMBRIDGE BAY A","2400601","2025-07-28","2025","07","28","","10.0","","2.8","","6.4","","11.6","","0.0","","0.0","T","0.0","","0.0","T","","","2","","32",""
"-105.14","69.11","CAMBRIDGE BAY A","2400601","2025-07-29","2025","07","29","","14.8","","4.0","","9.4","","8.6","","0.0","","0.0","","0.0","","0.0","","","","","M","","M"
"-105.14","69.11","CAMBRIDGE BAY A","2400601","2025-07-30","2025","07","30","","19.5","","6.9","","13.2","","4.8","","0.0","","0.0","T","0.0","","0.0","T","","","","M","","M"
"-105.14","69.11","CAMBRIDGE BAY A","2400601","2025-07-31","2025","07","31","","14.8","","9.3","","12.1","","5.9","","0.0","","0.0","T","0.0","","0.0","T","","","32","","55",""
"-105.14","69.11","CAMBRIDGE BAY A","2400601","2025-08-01","2025","08","01","","","M","","M","","M","","M","","M","","M","","","","M","","","","","",""
"-105.14","69.11","CAMBRIDGE BAY A","2400601","2025-08-02","2025","08","02","","","M","","M","","M","","M","","M","","M","","","","M","","","","","",""
"-105.14","69.11","CAMBRIDGE BAY A","2400601","2025-08-03","2025","08","03","","","M","","M","","M","","M","","M","","M","","","","M","","","","","",""
"-105.14","69.11","CAMBRIDGE BAY A","2400601","2025-08-04","2025","08","04","","","M","","M","","M","","M","","M","","M","","","","M","","","","","",""
"-105.14","69.11","CAMBRIDGE BAY A","2400601","2025-08-05","2025","08","05","","","M","","M","","M","","M","","M","0.0","T","0.0","","0.0","T","","","32","","58",""
"-105.14","69.11","CAMBRIDGE BAY A","2400601","2025-08-06","2025","08","06","","7.4","","2.9","","5.2","","12.8","","0.0","","0.0","T","0.0","","0.0","T","","","32","","63",""
"-105.14","69.11","CAMBRIDGE BAY A","2400601","2025-08-07","2025","08","07","","12.1","","3.0","","7.6","","10.4","","0.0","","0.0","","0.0","","0.0","","","","33","","35",""
"-105.14","69.11","CAMBRIDGE BAY A","2400601","2025-08-08","2025","08","08","","7.9","","4.0","","6.0","","12.0","","0.0","","0.0","T","0.0","","0.0","T","","","27","","50",""
"-105.14","69.11","CAMBRIDGE BAY A","2400601","2025-08-09","2025","08","09","","8.3","","3.4","","5.9","","12.1","","0.0","","0.0","","0.0","","0.0","","","","","M","","M"
"-105.14","69.11","CAMBRIDGE BAY A","2400601","2025-08-10","2025","08","10","","7.3","","2.8","","5.1","","12.9","","0.0","","0.0","T","0.0","","0.0","T","","","3","","33",""
"-105.14","69.11","CAMBRIDGE BAY A","2400601","2025-08-11","2025","08","11","","7.8","","1.3","","4.6","","13.4","","0.0","","0.0","","0.0","","0.0","","","","","M","","M"
"-105.14","69.11","CAMBRIDGE BAY A","2400601","2025-08-12","2025","08","12","","11.9","","3.5","","7.7","","10.3","","0.0","","0.0","","0.0","","0.0","","","","","M","","M"
"-105.14","69.11","CAMBRIDGE BAY A","2400601","2025-08-13","2025","08","13","","10.1","","6.2","","8.2","","9.8","","0.0","","0.0","","0.0","","0.0","","","","","M","","M"
"-105.14","69.11","CAMBRIDGE BAY A","2400601","2025-08-14","2025","08","14","","12.4","","4.7","","8.6","","9.4","","0.0","","0.0","","0.0","","0.0","","","","","M","","M"
"-105.14","69.11","CAMBRIDGE BAY A","2400601","2025-08-15","2025","08","15","","9.5","","2.3","","5.9","","12.1","","0.0","","0.0","","0.0","","0.0","","","","","M","","M"
"-105.14","69.11","CAMBRIDGE BAY A","2400601","2025-08-16","2025","08","16","","14.1","","3.5","","8.8","","9.2","","0.0","","0.0","","0.0","","0.0","","","","","M","","M"
"-105.14","69.11","CAMBRIDGE BAY A","2400601","2025-08-17","2025","08","17","","13.6","","6.7","","10.2","","7.8","","0.0","","0.0","","0.0","","0.0","","","","8","","42",""
"-105.14","69.11","CAMBRIDGE BAY A","2400601","2025-08-18","2025","08","18","","14.0","","5.8","","9.9","","8.1","","0.0","","0.0","","0.0","","0.0","","","","7","","37",""
"-105.14","69.11","CAMBRIDGE BAY A","2400601","2025-08-19","2025","08","19","","13.8","","5.5","","9.7","","8.3","","0.0","","0.0","","0.0","","0.0","","","","3","","33",""
"-105.14","69.11","CAMBRIDGE BAY A","2400601","2025-08-20","2025","08","20","","","M","","M","","M","","M","","M","0.0","","0.0","","0.0","","","","","M","","M"
"-105.14","69.11","CAMBRIDGE BAY A","2400601","2025-08-21","2025","08","21","","15.1","","8.0","","11.6","","6.4","","0.0","","0.0","","0.0","","0.0","","","","","M","","M"
"-105.14","69.11","CAMBRIDGE BAY A","2400601","2025-08-22","2025","08","22","","18.2","","6.7","","12.5","","5.5","","0.0","","0.0","","0.0","","0.0","","","","","M","","M"
"-105.14","69.11","CAMBRIDGE BAY A","2400601","2025-08-23","2025","08","23","","16.2","","8.2","","12.2","","5.8","","0.0","","0.0","T","0.0","","0.0","T","","","26","","39",""
"-105.14","69.11","CAMBRIDGE BAY A","2400601","2025-08-24","2025","08","24","","15.1","","6.3","","10.7","","7.3","","0.0","","0.8","","0.0","","0.8","","","","32","","65",""
"-105.14","69.11","CAMBRIDGE BAY A","2400601","2025-08-25","2025","08","25","","6.8","","3.2","","5.0","","13.0","","0.0","","0.0","T","0.0","","0.0","T","","","33","","55",""
"-105.14","69.11","CAMBRIDGE BAY A","2400601","2025-08-26","2025","08","26","","12.0","","4.1","","8.1","","9.9","","0.0","","0.4","","0.0","","0.4","","","","19","","46",""
"-105.14","69.11","CAMBRIDGE BAY A","2400601","2025-08-27","2025","08","27","","12.4","","7.5","","10.0","","8.0","","0.0","","0.0","","0.0","","0.0","","","","27","","42",""
"-105.14","69.11","CAMBRIDGE BAY A","2400601","2025-08-28","2025","08","28","","10.6","","5.8","","8.2","","9.8","","0.0","","0.2","","0.0","","0.2","","","","34","","50",""
"-105.14","69.11","CAMBRIDGE BAY A","2400601","2025-08-29","2025","08","29","","","M","","M","","M","","M","","M","0.2","","0.0","","0.2","","","","33","","46",""
"-105.14","69.11","CAMBRIDGE BAY A","2400601","2025-08-30","2025","08","30","","8.9","","4.1","","6.5","","11.5","","0.0","","0.0","T","0.0","","0.0","T","","","29","","96",""
"-105.14","69.11","CAMBRIDGE BAY A","2400601","2025-08-31","2025","08","31","","4.3","","0.7","","2.5","","15.5","","0.0","","0.0","","0.0","T","0.0","T","","","27","","74",""
"-105.14","69.11","CAMBRIDGE BAY A","2400601","2025-09-01","2025","09","01","","6.0","","1.3","","3.7","","14.3","","0.0","","0.0","T","0.0","","0.0","T","","","32","","42",""
"-105.14","69.11","CAMBRIDGE BAY A","2400601","2025-09-02","2025","09","02","","8.8","","1.6","","5.2","","12.8","","0.0","","0.2","","0.0","","0.2","","","","24","","35",""
"-105.14","69.11","CAMBRIDGE BAY A","2400601","2025-09-03","2025","09","03","","","M","","M","","M","","M","","M","","M","","","","M","","","","","",""
"-105.14","69.11","CAMBRIDGE BAY A","2400601","2025-09-04","2025","09","04","","","M","","M","","M","","M","","M","","M","","M","","M","","","","M","","M"
"-105.14","69.11","CAMBRIDGE BAY A","2400601","2025-09-05","2025","09","05","","6.8","","2.6","","4.7","","13.3","","0.0","","0.0","","0.0","","0.0","","","","13","","33",""
"-105.14","69.11","CAMBRIDGE BAY A","2400601","2025-09-06","2025","09","06","","8.0","","3.4","","5.7","","12.3","","0.0","","0.4","","0.0","","0.4","","","","13","","59",""
"-105.14","69.11","CAMBRIDGE BAY A","2400601","2025-09-07","2025","09","07","","5.4","","1.9","","3.7","","14.3","","0.0","","0.0","T","0.0","","0.0","T","","","32","","52",""
"-105.14","69.11","CAMBRIDGE BAY A","2400601","2025-09-08","2025","09","08","","","M","","M","","M","","M","","M","","M","","","","M","","","","","",""
"-105.14","69.11","CAMBRIDGE BAY A","2400601","2025-09-09","2025","09","09","","","M","","M","","M","","M","","M","0.0","","0.0","","0.0","","","","","M","","M"
"-105.14","69.11","CAMBRIDGE BAY A","2400601","2025-09-10","2025","09","10","","8.4","","0.8","","4.6","","13.4","","0.0","","0.0","T","0.0","","0.0","T","","","","M","","M"
"-105.14","69.11","CAMBRIDGE BAY A","2400601","2025-09-11","2025","09","11","","10.2","","0.7","","5.5","","12.5","","0.0","","0.0","","0.0","","0.0","","","","14","","32",""
"-105.14","69.11","CAMBRIDGE BAY A","2400601","2025-09-12","2025","09","12","","7.6","","4.7","","6.2","","11.8","","0.0","","1.0","","0.0","","1.0","","","","13","","63",""
"-105.14","69.11","CAMBRIDGE BAY A","2400601","2025-09-13","2025","09","13","","6.3","","3.4","","4.9","","13.1","","0.0","","0.0","T","0.0","","0.0","T","","","27","","61",""
"-105.14","69.11","CAMBRIDGE BAY A","2400601","2025-09-14","2025","09","14","","6.1","","-0.2","","3.0","","15.0","","0.0","","0.0","T","0.0","","0.0","T","","","4","","35",""
"-105.14","69.11","CAMBRIDGE BAY A","2400601","2025-09-15","2025","09","15","","","M","","M","","M","","M","","M","0.0","","0.0","T","0.0","T","","","8","","32",""
"-105.14","69.11","CAMBRIDGE BAY A","2400601","2025-09-16","2025","09","16","","4.1","","0.5","","2.3","","15.7","","0.0","","0.4","","0.0","","0.4","","","","8","","32",""
"-105.14","69.11","CAMBRIDGE BAY A","2400601","2025-09-17","2025","09","17","","4.6","","1.3","","3.0","","15.0","","0.0","","0.6","","0.0","","0.6","","","","10","","39",""
"-105.14","69.11","CAMBRIDGE BAY A","2400601","2025-09-18","2025","09","18","","","M","","M","","M","","M","","M","","M","","","","M","","","","","",""
"-105.14","69.11","CAMBRIDGE BAY A","2400601","2025-09-19","2025","09","19","","","M","","M","","M","","M","","M","","M","","M","","M","","","14","","71",""
"-105.14","69.11","CAMBRIDGE BAY A","2400601","2025-09-20","2025","09","20","","11.6","","2.7","","7.2","","10.8","","0.0","","0.0","","0.0","","0.0","","","","17","","48",""
"-105.14","69.11","CAMBRIDGE BAY A","2400601","2025-09-21","2025","09","21","","8.4","","4.9","","6.7","","11.3","","0.0","","0.6","","0.0","","0.6","","","","14","","50",""
"-105.14","69.11","CAMBRIDGE BAY A","2400601","2025-09-22","2025","09","22","","10.4","","3.1","","6.8","","11.2","","0.0","","0.4","","0.0","","0.4","","","","32","","54",""
"-105.14","69.11","CAMBRIDGE BAY A","2400601","2025-09-23","2025","09","23","","3.9","","0.8","","2.4","","15.6","","0.0","","0.0","","0.0","","0.0","","","","28","","45",""
"-105.14","69.11","CAMBRIDGE BAY A","2400601","2025-09-24","2025","09","24","","3.3","","-0.5","","1.4","","16.6","","0.0","","0.0","","0.0","T","0.0","T","","","32","","32",""
"-105.14","69.11","CAMBRIDGE BAY A","2400601","2025-09-25","2025","09","25","","","M","","M","","M","","M","","M","0.0","","0.0","T","0.0","T","","","","M","","M"
"-105.14","69.11","CAMBRIDGE BAY A","2400601","2025-09-26","2025","09","26","","7.1","","0.9","","4.0","","14.0","","0.0","","1.0","","0.0","","1.0","","","","","M","","M"
"-105.14","69.11","CAMBRIDGE BAY A","2400601","2025-09-27","2025","09","27","","5.8","","3.5","","4.7","","13.3","","0.0","","0.6","","0.0","","0.6","","","","","M","","M"
"-105.14","69.11","CAMBRIDGE BAY A","2400601","2025-09-28","2025","09","28","","4.0","","2.4","","3.2","","14.8","","0.0","","0.4","","0.0","","0.4","","","","36","","42",""
"-105.14","69.11","CAMBRIDGE BAY A","2400601","2025-09-29","2025","09","29","","4.9","","0.8","","2.9","","15.1","","0.0","","0.0","T","0.0","","0.0","T","","","16","","32",""
"-105.14","69.11","CAMBRIDGE BAY A","2400601","2025-09-30","2025","09","30","","4.7","","2.9","","3.8","","14.2","","0.0","","0.8","","0.0","","0.8","","","","12","","61",""
"-105.14","69.11","CAMBRIDGE BAY A","2400601","2025-10-01","2025","10","01","","5.3","","1.3","","3.3","","14.7","","0.0","","0.0","T","0.0","","0.0","T","","","27","","58",""
"-105.14","69.11","CAMBRIDGE BAY A","2400601","2025-10-02","2025","10","02","","2.3","","-0.6","","0.9","","17.1","","0.0","","0.0","","0.0","T","0.0","T","","","30","","54",""
"-105.14","69.11","CAMBRIDGE BAY A","2400601","2025-10-03","2025","10","03","","","M","","M","","M","","M","","M","","M","","","","M","","","","","",""
"-105.14","69.11","CAMBRIDGE BAY A","2400601","2025-10-04","2025","10","04","","","M","","M","","M","","M","","M","","M","","","","M","","","","","",""
"-105.14","69.11","CAMBRIDGE BAY A","2400601","2025-10-05","2025","10","05","","-0.6","","-4.5","","-2.6","","20.6","","0.0","","0.0","","0.4","","0.4","","0","T","32","","52",""
"-105.14","69.11","CAMBRIDGE BAY A","2400601","2025-10-06","2025","10","06","","-0.8","","-3.3","","-2.1","","20.1","","0.0","","0.0","","0.0","T","0.0","T","0","T","32","","46",""
"-105.14","69.11","CAMBRIDGE BAY A","2400601","2025-10-07","2025","10","07","","1.5","","-3.2","","-0.9","","18.9","","0.0","","0.0","","0.0","T","0.0","T","0","T","20","","33",""
"-105.14","69.11","CAMBRIDGE BAY A","2400601","2025-10-08","2025","10","08","","1.5","","0.3","","0.9","","17.1","","0.0","","0.0","","0.4","","0.4","","0","T","24","","35",""
"-105.14","69.11","CAMBRIDGE BAY A","2400601","2025-10-09","2025","10","09","","2.0","","-8.9","","-3.5","","21.5","","0.0","","0.0","","3.4","","2.8","","2","","2","","59",""
"-105.14","69.11","CAMBRIDGE BAY A","2400601","2025-10-10","2025","10","10","","1.2","","-8.8","","-3.8","","21.8","","0.0","","0.0","","0.4","","0.2","","2","","27","","61",""
"-105.14","69.11","CAMBRIDGE BAY A","2400601","2025-10-11","2025","10","11","","0.7","","-7.1","","-3.2","","21.2","","0.0","","0.0","","0.4","","0.2","","2","","28","","55",""
"-105.14","69.11","CAMBRIDGE BAY A","2400601","2025-10-12","2025","10","12","","-1.2","","-7.5","","-4.4","","22.4","","0.0","","0.2","","0.4","","0.6","","2","","28","","52",""
"-105.14","69.11","CAMBRIDGE BAY A","2400601","2025-10-13","2025","10","13","","1.8","","-7.5","","-2.9","","20.9","","0.0","","0.0","","0.0","T","0.0","T","2","","20","","35",""
"-105.14","69.11","CAMBRIDGE BAY A","2400601","2025-10-14","2025","10","14","","1.7","","-1.2","","0.3","","17.7","","0.0","","0.0","","0.2","","0.2","","2","","28","","45",""
"-105.14","69.11","CAMBRIDGE BAY A","2400601","2025-10-15","2025","10","15","","-1.1","","-4.1","","-2.6","","20.6","","0.0","","0.0","","0.0","T","0.0","T","1","","28","","54",""
"-105.14","69.11","CAMBRIDGE BAY A","2400601","2025-10-16","2025","10","16","","","M","","M","","M","","M","","M","0.0","","0.0","T","0.0","T","0","T","5","","33",""
"-105.14","69.11","CAMBRIDGE BAY A","2400601","2025-10-17","2025","10","17","","-2.7","","-5.1","","-3.9","","21.9","","0.0","","0.0","","0.6","","0.4","","0","T","5","","46",""
"-105.14","69.11","CAMBRIDGE BAY A","2400601","2025-10-18","2025","10","18","","0.9","","-2.9","","-1.0","","19.0","","0.0","","0.0","","1.4","","1.2","","1","","4","","39",""
"-105.14","69.11","CAMBRIDGE BAY A","2400601","2025-10-19","2025","10","19","","1.0","","-1.2","","-0.1","","18.1","","0.0","","0.0","","0.0","T","0.0","T","1","","12","","42",""
"-105.14","69.11","CAMBRIDGE BAY A","2400601","2025-10-20","2025","10","20","","-1.2","","-2.3","","-1.8","","19.8","","0.0","","0.0","","3.6","","2.8","","1","","30","","42",""
"-105.14","69.11","CAMBRIDGE BAY A","2400601","2025-10-21","2025","10","21","","-1.9","","-3.6","","-2.8","","20.8","","0.0","","0.0","","1.0","","0.6","","3","","29","","61",""
"-105.14","69.11","CAMBRIDGE BAY A","2400601","2025-10-22","2025","10","22","","-3.1","","-5.1","","-4.1","","22.1","","0.0","","0.0","","0.0","T","0.0","T","3","","29","","67",""
"-105.14","69.11","CAMBRIDGE BAY A","2400601","2025-10-23","2025","10","23","","0.8","","-5.2","","-2.2","","20.2","","0.0","","0.0","","0.0","T","0.0","T","3","","15","","63",""
"-105.14","69.11","CAMBRIDGE BAY A","2400601","2025-10-24","2025","10","24","","1.6","","0.5","","1.1","","16.9","","0.0","","0.0","","0.0","","0.0","","2","","15","","61",""
"-105.14","69.11","CAMBRIDGE BAY A","2400601","2025-10-25","2025","10","25","","1.9","","-1.8","","0.1","","17.9","","0.0","","0.0","","0.0","T","0.0","T","2","","26","","39",""
"-105.14","69.11","CAMBRIDGE BAY A","2400601","2025-10-26","2025","10","26","","-0.3","","-8.4","","-4.4","","22.4","","0.0","","0.0","","0.2","","0.2","","2","","36","","45",""
"-105.14","69.11","CAMBRIDGE BAY A","2400601","2025-10-27","2025","10","27","","-7.3","","-13.6","","-10.5","","28.5","","0.0","","0.0","","0.0","","0.0","","2","","32","","37",""
"-105.14","69.11","CAMBRIDGE BAY A","2400601","2025-10-28","2025","10","28","","","M","","M","","M","","M","","M","0.0","","0.0","","0.0","","2","","","M","","M"
"-105.14","69.11","CAMBRIDGE BAY A","2400601","2025-10-29","2025","10","29","","","M","","M","","M","","M","","M","","M","","","","M","2","","","","",""
"-105.14","69.11","CAMBRIDGE BAY A","2400601","2025-10-30","2025","10","30","","","M","","M","","M","","M","","M","","M","","","","M","2","","","","",""
"-105.14","69.11","CAMBRIDGE BAY A","2400601","2025-10-31","2025","10","31","","","M","","M","","M","","M","","M","","M","","","","M","3","E","","","",""
"-105.14","69.11","CAMBRIDGE BAY A","2400601","2025-11-01","2025","11","01","","","M","","M","","M","","M","","M","","M","","M","","M","3","E","11","","61",""
"-105.14","69.11","CAMBRIDGE BAY A","2400601","2025-11-02","2025","11","02","","-0.7","","-1.8","","-1.3","","19.3","","0.0","","0.0","","0.8","","0.6","","3","","8","","52",""
"-105.14","69.11","CAMBRIDGE BAY A","2400601","2025-11-03","2025","11","03","","-0.8","","-17.7","","-9.3","","27.3","","0.0","","0.0","","0.4","","0.4","","3","","2","","84",""
"-105.14","69.11","CAMBRIDGE BAY A","2400601","2025-11-04","2025","11","04","","-17.3","","-21.7","","-19.5","","37.5","","0.0","","0.0","","0.0","T","0.0","T","3","","32","","59",""
"-105.14","69.11","CAMBRIDGE BAY A","2400601","2025-11-05","2025","11","05","","-14.1","","-22.0","","-18.1","","36.1","","0.0","","0.0","","0.0","T","0.0","T","3","","32","","71",""
"-105.14","69.11","CAMBRIDGE BAY A","2400601","2025-11-06","2025","11","06","","-14.0","","-19.0","","-16.5","","34.5","","0.0","","0.0","","0.0","T","0.0","T","3","","34","","55",""
"-105.14","69.11","CAMBRIDGE BAY A","2400601","2025-11-07","2025","11","07","","-13.6","","-18.8","","-16.2","","34.2","","0.0","","0.0","","0.4","","0.2","","3","","","M","","M"
"-105.14","69.11","CAMBRIDGE BAY A","2400601","2025-11-08","2025","11","08","","-11.8","","-13.7","","-12.8","","30.8","","0.0","","0.0","","1.0","","0.8","","3","","9","","37",""
"-105.14","69.11","CAMBRIDGE BAY A","2400601","2025-11-09","2025","11","09","","-7.2","","-13.3","","-10.3","","28.3","","0.0","","0.0","","0.6","","0.4","","4","","","M","","M"
"-105.14","69.11","CAMBRIDGE BAY A","2400601","2025-11-10","2025","11","10","","-7.1","","-11.3","","-9.2","","27.2","","0.0","","0.0","","1.4","","1.0","","4","","6","","67",""
"-105.14","69.11","CAMBRIDGE BAY A","2400601","2025-11-11","2025","11","11","","-8.2","","-10.4","","-9.3","","27.3","","0.0","","0.0","","1.2","","0.8","","5","","4","","63",""
"-105.14","69.11","CAMBRIDGE BAY A","2400601","2025-11-12","2025","11","12","","-8.1","","-15.6","","-11.9","","29.9","","0.0","","0.0","","0.2","","0.2","","5","","3","","50",""
"-105.14","69.11","CAMBRIDGE BAY A","2400601","2025-11-13","2025","11","13","","","M","","M","","M","","M","","M","","M","","","","M","5","","","","",""
"-105.14","69.11","CAMBRIDGE BAY A","2400601","2025-11-14","2025","11","14","","","M","","M","","M","","M","","M","0.0","","2.2","","1.8","","7","","17","","37",""
"-105.14","69.11","CAMBRIDGE BAY A","2400601","2025-11-15","2025","11","15","","","M","","M","","M","","M","","M","","M","","","","M","7","","","","",""
"-105.14","69.11","CAMBRIDGE BAY A","2400601","2025-11-16","2025","11","16","","","M","","M","","M","","M","","M","0.0","","6.0","","5.0","","8","","26","","37",""
"-105.14","69.11","CAMBRIDGE BAY A","2400601","2025-11-17","2025","11","17","","-10.6","","-16.6","","-13.6","","31.6","","0.0","","0.0","","0.8","","0.4","","14","","29","","35",""
"-105.14","69.11","CAMBRIDGE BAY A","2400601","2025-11-18","2025","11","18","","-11.6","","-17.2","","-14.4","","32.4","","0.0","","0.0","","0.0","T","0.0","T","14","","5","","33",""
"-105.14","69.11","CAMBRIDGE BAY A","2400601","2025-11-19","2025","11","19","","-7.7","","-13.9","","-10.8","","28.8","","0.0","","0.0","","0.0","T","0.0","T","14","","3","","33",""
"-105.14","69.11","CAMBRIDGE BAY A","2400601","2025-11-20","2025","11","20","","-7.1","","-15.0","","-11.1","","29.1","","0.0","","0.0","","0.0","T","0.0","T","14","","3","","33",""
"-105.14","69.11","CAMBRIDGE BAY A","2400601","2025-11-21","2025","11","21","","-6.9","","-16.3","","-11.6","","29.6","","0.0","","0.0","","0.0","T","0.0","T","14","","14","","41",""
"-105.14","69.11","CAMBRIDGE BAY A","2400601","2025-11-22","2025","11","22","","-4.1","","-9.8","","-7.0","","25.0","","0.0","","0.0","","0.2","","0.2","","14","","","M","","M"
"-105.14","69.11","CAMBRIDGE BAY A","2400601","2025-11-23","2025","11","23","","-4.2","","-15.6","","-9.9","","27.9","","0.0","","0.0","","0.4","","0.2","","14","","10","","37",""
"-105.14","69.11","CAMBRIDGE BAY A","2400601","2025-11-24","2025","11","24","","-14.1","","-19.4","","-16.8","","34.8","","0.0","","0.0","","0.0","","0.0","","","","2","","32",""
"-105.14","69.11","CAMBRIDGE BAY A","2400601","2025-11-25","2025","11","25","","-8.4","","-19.0","","-13.7","","31.7","","0.0","","0.0","","0.0","T","0.0","T","14","","","M","","M"
"-105.14","69.11","CAMBRIDGE BAY A","2400601","2025-11-26","2025","11","26","","-9.1","","-16.1","","-12.6","","30.6","","0.0","","0.0","","0.0","T","0.0","T","12","","32","","33",""
"-105.14","69.11","CAMBRIDGE BAY A","2400601","2025-11-27","2025","11","27","","-11.4","","-20.4","","-15.9","","33.9","","0.0","","0.0","","0.0","T","0.0","T","12","","31","","46",""
"-105.14","69.11","CAMBRIDGE BAY A","2400601","2025-11-28","2025","11","28","","-18.5","","-26.3","","-22.4","","40.4","","0.0","","0.0","","0.0","","0.0","","12","","32","","46",""
"-105.14","69.11","CAMBRIDGE BAY A","2400601","2025-11-29","2025","11","29","","-21.0","","-27.0","","-24.0","","42.0","","0.0","","0.0","","0.0","","0.0","","","","32","","59",""
"-105.14","69.11","CAMBRIDGE BAY A","2400601","2025-11-30","2025","11","30","","","M","","M","","M","","M","","M","","M","","","","M","12","","","","",""
"-105.14","69.11","CAMBRIDGE BAY A","2400601","2025-12-01","2025","12","01","","","M","","M","","M","","M","","M","0.0","","0.0","T","0.0","T","12","","33","","42",""
"-105.14","69.11","CAMBRIDGE BAY A","2400601","2025-12-02","2025","12","02","","-23.6","","-30.3","","-27.0","","45.0","","0.0","","0.0","","0.0","T","0.0","T","12","","32","","39",""
"-105.14","69.11","CAMBRIDGE BAY A","2400601","2025-12-03","2025","12","03","","-27.0","","-31.9","","-29.5","","47.5","","0.0","","0.0","","0.0","T","0.0","T","12","","","M","","M"
"-105.14","69.11","CAMBRIDGE BAY A","2400601","2025-12-04","2025","12","04","","-21.0","","-30.2","","-25.6","","43.6","","0.0","","0.0","","0.0","T","0.0","T","12","","31","","41",""
"-105.14","69.11","CAMBRIDGE BAY A","2400601","2025-12-05","2025","12","05","","-23.0","","-28.4","","-25.7","","43.7","","0.0","","0.0","","0.0","T","0.0","T","12","","1","","41",""
"-105.14","69.11","CAMBRIDGE BAY A","2400601","2025-12-06","2025","12","06","","-26.9","","-29.2","","-28.1","","46.1","","0.0","","0.0","","0.0","","0.0","","12","","32","","48",""
"-105.14","69.11","CAMBRIDGE BAY A","2400601","2025-12-07","2025","12","07","","-24.1","","-28.8","","-26.5","","44.5","","0.0","","0.0","","0.0","T","0.0","T","12","","31","","46",""
"-105.14","69.11","CAMBRIDGE BAY A","2400601","2025-12-08","2025","12","08","","-23.4","","-32.1","","-27.8","","45.8","","0.0","","0.0","","0.4","","0.4","","12","","","M","","M"
"-105.14","69.11","CAMBRIDGE BAY A","2400601","2025-12-09","2025","12","09","","-27.1","","-33.8","","-30.5","","48.5","","0.0","","0.0","","0.0","T","0.0","T","12","","","M","","M"
"-105.14","69.11","CAMBRIDGE BAY A","2400601","2025-12-10","2025","12","10","","-25.0","","-29.6","","-27.3","","45.3","","0.0","","0.0","","0.0","T","0.0","T","12","","","M","","M"
"-105.14","69.11","CAMBRIDGE BAY A","2400601","2025-12-11","2025","12","11","","","M","","M","","M","","M","","M","","M","","","","M","12","","","","",""
"-105.14","69.11","CAMBRIDGE BAY A","2400601","2025-12-12","2025","12","12","","","M","","M","","M","","M","","M","","M","","M","","M","12","E","","M","","M"
"-105.14","69.11","CAMBRIDGE BAY A","2400601","2025-12-13","2025","12","13","","-20.4","","-29.5","","-25.0","","43.0","","0.0","","0.0","","0.2","","0.2","","12","E","31","","42",""
"-105.14","69.11","CAMBRIDGE BAY A","2400601","2025-12-14","2025","12","14","","-22.0","","-29.8","","-25.9","","43.9","","0.0","","0.0","","0.0","T","0.0","T","12","","25","","55",""
"-105.14","69.11","CAMBRIDGE BAY A","2400601","2025-12-15","2025","12","15","","-28.7","","-34.1","","-31.4","","49.4","","0.0","","0.0","","0.0","T","0.0","T","12","E","28","","59",""
"-105.14","69.11","CAMBRIDGE BAY A","2400601","2025-12-16","2025","12","16","","-32.2","","-37.0","","-34.6","","52.6","","0.0","","0.0","","0.0","T","0.0","T","12","E","32","","46",""
"-105.14","69.11","CAMBRIDGE BAY A","2400601","2025-12-17","2025","12","17","","-31.5","","-35.7","","-33.6","","51.6","","0.0","","0.0","","0.0","T","0.0","T","12","","32","","50",""
"-105.14","69.11","CAMBRIDGE BAY A","2400601","2025-12-18","2025","12","18","","-22.4","","-34.4","","-28.4","","46.4","","0.0","","0.0","","0.0","T","0.0","T","12","","25","","52",""
"-105.14","69.11","CAMBRIDGE BAY A","2400601","2025-12-19","2025","12","19","","-21.3","","-37.0","","-29.2","","47.2","","0.0","","0.0","","0.0","T","0.0","T","12","","19","","50",""
"-105.14","69.11","CAMBRIDGE BAY A","2400601","2025-12-20","2025","12","20","","-29.7","","-37.8","","-33.8","","51.8","","0.0","","0.0","","0.0","T","0.0","T","12","","31","","39",""
"-105.14","69.11","CAMBRIDGE BAY A","2400601","2025-12-21","2025","12","21","","-21.4","","-32.0","","-26.7","","44.7","","0.0","","0.0","","0.0","T","0.0","T","12","","31","","74",""
"-105.14","69.11","CAMBRIDGE BAY A","2400601","2025-12-22","2025","12","22","","-17.5","","-22.2","","-19.9","","37.9","","0.0","","0.0","","0.0","T","0.0","T","12","","31","","72",""
"-105.14","69.11","CAMBRIDGE BAY A","2400601","2025-12-23","2025","12","23","","-16.5","","-20.2","","-18.4","","36.4","","0.0","","0.0","","0.8","","0.8","","12","","31","","37",""
"-105.14","69.11","CAMBRIDGE BAY A","2400601","2025-12-24","2025","12","24","","-16.2","","-23.1","","-19.7","","37.7","","0.0","","0.0","","0.0","T","0.0","T","13","","31","","35",""
"-105.14","69.11","CAMBRIDGE BAY A","2400601","2025-12-25","2025","12","25","","-14.1","","-26.2","","-20.2","","38.2","","0.0","","0.0","","0.6","","0.6","","14","","1","","48",""
"-105.14","69.11","CAMBRIDGE BAY A","2400601","2025-12-26","2025","12","26","","-26.0","","-32.6","","-29.3","","47.3","","0.0","","0.0","","0.0","T","0.0","T","14","","2","","46",""
"-105.14","69.11","CAMBRIDGE BAY A","2400601","2025-12-27","2025","12","27","","-31.0","","-34.6","","-32.8","","50.8","","0.0","","0.0","","0.0","T","0.0","T","14","E","31","","35",""
"-105.14","69.11","CAMBRIDGE BAY A","2400601","2025-12-28","2025","12","28","","-31.0","","-34.3","","-32.7","","50.7","","0.0","","0.0","","0.0","T","0.0","T","14","","","M","","M"
"-105.14","69.11","CAMBRIDGE BAY A","2400601","2025-12-29","2025","12","29","","-29.0","","-35.3","","-32.2","","50.2","","0.0","","0.0","","0.0","T","0.0","T","14","","31","","32",""
"-105.14","69.11","CAMBRIDGE BAY A","2400601","2025-12-30","2025","12","30","","-31.7","","-34.8","","-33.3","","51.3","","0.0","","0.0","","0.0","T","0.0","T","14","","29","","41",""
"-105.14","69.11","CAMBRIDGE BAY A","2400601","2025-12-31","2025","12","31","","-23.3","","-35.6","","-29.5","","47.5","","0.0","","0.0","","0.0","T","0.0","T","14","","33","","45",""
